Comuna,ContactEmail,Domain
"ALTO BIO BIO","transito@munialtobiobio.cl","munialtobiobio.cl"
"ALTO HOSPICIO","nmolina@maho.cl","maho.cl"
"ALTO HOSPICIO","jorrego@maho.cl","maho.cl"
"ANDACOLLO","sebastian.espinoza@andacollochile.cl","andacollochile.cl"
"ANDACOLLO","yessica.veliz@andacollochile.cl","andacollochile.cl"
"ANDACOLLO","loreto.arancibia@andacollochile.cl","andacollochile.cl"
"ANDACOLLO","marcela.ortega@andacollochile.cl","andacollochile.cl"
"ANGOL","cristian.neira@angol.cl","angol.cl"
"ANGOL","aglae.rivera@angol.cl","angol.cl"
"ANTOFAGASTA","rodrigo.munozo@imantof.cl","imantof.cl"
"ARAUCO","mretamal@muniarauco.cl","muniarauco.cl"
"ARAUCO","agonzalez@muniarauco.cl","muniarauco.cl"
"SAN ANTONIO","hvera@sanantonio.cl","sanantonio.cl"
"ARAUCO","mcanales@muniarauco.cl","muniarauco.cl"
"ARICA","priscilla.viveros@municipalidadarica.cl","municipalidadarica.cl"
"ARICA","hermelindazarate@municipalidadarica.cl","municipalidadarica.cl"
"BUIN","expedienteslicenciasdeconducir@buin.cl","buin.cl"
"BULNES","transito@imb.cl","imb.cl"
"BULNES","licencias@imb.cl","imb.cl"
"BULNES","javiera.transito@imb.cl","imb.cl"
"BULNES","hcontreras@imb.cl","imb.cl"
"CABILDO","andrea.jamen@municipiocabildo.cl","municipiocabildo.cl"
"CABILDO","jfigueroa@municipiocabildo.cl","municipiocabildo.cl"
"CABILDO","fsoriano@municipiocabildo.cl","municipiocabildo.cl"
"CABILDO","jdonoso@municipiocabildo.cl","municipiocabildo.cl"
"CABILDO","jgallardo@municipiocabildo.cl","municipiocabildo.cl"
"CABRERO","jbarra@cabrero.cl","cabrero.cl"
"CABRERO","kburgos@cabrero.cl","cabrero.cl"
"CALAMA","mgutierrez@municipalidadcalama.cl","municipalidadcalama.cl"
"CALBUCO","katy.navarrete@municipalidadcalbuco.cl","municipalidadcalbuco.cl"
"CALBUCO","transito@municipalidadcalbuco.cl","municipalidadcalbuco.cl"
"CALDERA","gramirez@caldera.cl","caldera.cl"
"CALDERA","ltabilo@caldera.cl","caldera.cl"
"CALERA DE TANGO","mbarrera@caleradetango.net","caleradetango.net"
"CALERA DE TANGO","licenciasdeconducir@caleradetango.net","caleradetango.net"
"CANELA","raquel.tapia@canela.cl","canela.cl"
"CAÑETE","dagoberto.sanhueza@municanete.cl","municanete.cl"
"CAÑETE","alejandro.tiznado@municanete.cl","municanete.cl"
"CARTAGENA","ctoro@municipalidaddecartagena.cl","municipalidaddecartagena.cl"
"CARTAGENA","jperez@municipalidaddecartagena.cl","municipalidaddecartagena.cl"
"CASABLANCA","lpacheco@municipalidadcasablanca.cl","municipalidadcasablanca.cl"
"CASABLANCA","ffarias@municipalidadcasablanca.cl","municipalidadcasablanca.cl"
"CASABLANCA","jsaavedra@municipalidadcasablanca.cl","municipalidadcasablanca.cl"
"CASTRO","edgard.weisser@municipalidadcastro.cl","municipalidadcastro.cl"
"CASTRO","transito@municipalidadcastro.cl","municipalidadcastro.cl"
"CATEMU","mgonzalezl@municatemu.cl","municatemu.cl"
"CATEMU","hlopezdematurana@municatemu.cl","municatemu.cl"
"CAUQUENES","transito@cauquenes.cl","cauquenes.cl"
"CAUQUENES","director.transito@cauquenes.cl","cauquenes.cl"
"CERRILLOS","licencias@mcerrillos.cl","mcerrillos.cl"
"CERRONAVIA","cristian.ebner@cerronavia.cl","cerronavia.cl"
"CERRONAVIA","leonel.abarzua@cerronavia.cl","cerronavia.cl"
"CERRONAVIA","angelica.baeza@cerronavia.cl","cerronavia.cl"
"CHAÑARAL","fernando.alzamora@munichanaral.cl","munichanaral.cl"
"CHAÑARAL","licencias@munichanaral.cl","munichanaral.cl"
"CHEPICA","transito@municipalidadchepica.cl","municipalidadchepica.cl"
"CHIGUAYANTE","jalcaino@chiguayante.cl","chiguayante.cl"
"CHIGUAYANTE","jacqueline.gourdet@munichiguayante.cl","munichiguayante.cl"
"CHIGUAYANTE","geraldine.henriquez@munichiguayante.cl","munichiguayante.cl"
"CHILLAN","vmascareno@municipalidadchillan.cl","municipalidadchillan.cl"
"CHILLAN","evalenzuela@municipalidadchillan.cl","municipalidadchillan.cl"
"CHILLAN VIEJO","ruth.alfaro@chillanviejo.cl","chillanviejo.cl"
"CHILLAN VIEJO","daniel.sepulveda@chillanviejo.cl","chillanviejo.cl"
"CHILLAN VIEJO","cesiah.ferrada@chillanviejo.cl","chillanviejo.cl"
"CHIMBARONGO","icerda@municipalidadchimbarongo.cl","municipalidadchimbarongo.cl"
"CHIMBARONGO","orojas@municipalidadchimbarongo.cl","municipalidadchimbarongo.cl"
"CHUE","luis.villalobos@munichue.cl","munichue.cl"
"CHUE","marilyn@munichue.cl","munichue.cl"
"COCHRANE","transito@municochrane.cl","municochrane.cl"
"CODEGUA","d.gomez@mcodegua.cl","mcodegua.cl"
"COELEMU","fcaamano@municoelemu.cl","municoelemu.cl"
"COELEMU","restuardo@municoelemu.cl","municoelemu.cl"
"COIHUECO","orodriguez@municoihueco.cl","municoihueco.cl"
"COIHUECO","hreyes@municoihueco.cl","municoihueco.cl"
"COIHUECO","mcifuentes@municoihueco.cl","municoihueco.cl"
"COINCO","aramirez@municoinco.cl","municoinco.cl"
"COINCO","transito@municoinco.cl","municoinco.cl"
"COINCO","mgaray@municoinco.cl","municoinco.cl"
"COLBUN","libanez@municipalidadcolbun.cl","municipalidadcolbun.cl"
"COLCHANE","transito@imcolchane.cl","imcolchane.cl"
"COLCHANE","licenciasdeconducir@imcolchane.cl","imcolchane.cl"
"COLINA","luis.valenzuela@colina.cl","colina.cl"
"COLINA","marianela.carrasco@colina.cl","colina.cl"
"COLINA","viviana.arriagada@colina.cl","colina.cl"
"COLLIPULLI","transito@municollipulli.cl","municollipulli.cl"
"COLTAUCO","pablo.vidal@coltauco.cl","coltauco.cl"
"COLTAUCO","rcavieres@coltauco.cl","coltauco.cl"
"CONCECPION","scortes@concepcion.cl","concepcion.cl"
"CONCEPCION","migutierrez@concepcion.cl","concepcion.cl"
"CONCEPCION","rdufeu@concepcion.cl","concepcion.cl"
"CONCHALI","cbravo@conchali.cl","conchali.cl"
"CONCHALI","jaraneda@conchali.cl","conchali.cl"
"CON CON","licencias@concon.cl","concon.cl"
"CONSTITUCION","jcds327@gmail.com","gmail.com"
"COPIAPO","jorge.cisternas@copiapo.cl","copiapo.cl"
"COPIAPO","dmunoz@copiapo.cl","copiapo.cl"
"COPIAPO","l.gonzalez@imcopiapo.cl","imcopiapo.cl"
"COQUIMBO","amontoya@municoquimbo.cl","municoquimbo.cl"
"COQUIMBO","jmontalvanl@municoquimbo.cl","municoquimbo.cl"
"COQUIMBO","israelahumada@municoquimbo.cl","municoquimbo.cl"
"CUNCO","licencias.conducir@municunco.cl","municunco.cl"
"CUNCO","echihuailaf@municunco.cl","municunco.cl"
"CUNCO","cblanco@municunco.cl","municunco.cl"
"CURACAUTIN","transito@mcuracautin.cl","mcuracautin.cl"
"CURACAVI","j.diaz@municipalidadcuracavi.cl","municipalidadcuracavi.cl"
"CURACAVI","s.obando@municipalidadcuracavi.cl","municipalidadcuracavi.cl"
"CURACAVI","transito@municipalidadcuracavi.cl","municipalidadcuracavi.cl"
"DIEGO DE ALMAGRO","transito@imda.cl","imda.cl"
"DOÑIHUE","csantis@mdonihue.cl","mdonihue.cl"
"DOÑIHUE","mdiaz@mdonihue.cl","mdonihue.cl"
"DOÑIHUE","clabrana@mdonihue.cl","mdonihue.cl"
"EL BOSQUE","alicia.carrasco@municipalidadelbosque.cl","municipalidadelbosque.cl"
"EL BOSQUE","david.hidalgo@municipalidadelbosque.cl","municipalidadelbosque.cl"
"EL BOSQUE","simon.veloso@municipalidadelbosque.cl","municipalidadelbosque.cl"
"EL BOSQUE","yarela.valdebenito@municipalidadelbosque.cl","municipalidadelbosque.cl"
"EL CARMEN","licenciaconductor@munialtodelcarmen.cl","munialtodelcarmen.cl"
"EL CARMEN","transito@municipalidadelcarmen.cl","municipalidadelcarmen.cl"
"EL MONTE","yarmijo@munielmonte.cl","munielmonte.cl"
"EL MONTE","mcarvajal@munielmonte.cl","munielmonte.cl"
"EL QUISCO","dirtransito@elquisco.cl","elquisco.cl"
"EL QUISCO","ccabrera@elquisco.cl","elquisco.cl"
"EL TABO","m.ampuero@eltabo.cl","eltabo.cl"
"EL TABO","isabel.arevalo@eltabo.cl","eltabo.cl"
"ESTACION CENTRAL","juancarlosgalvez@ecentral.cl","ecentral.cl"
"ESTACION CENTRAL","jaimetoledo@ecentral.cl","ecentral.cl"
"FLORIDA","licencias@laflorida.cl","laflorida.cl"
"FLORIDA","licencias@laflorida.cl","laflorida.cl"
"FREIRE","transito@munifreire.cl","munifreire.cl"
"FRUTILLAR","suria_aleuy@munifrutillar.cl","munifrutillar.cl"
"FRUTILLAR","sectransito@munifrutillar.cl","munifrutillar.cl"
"FUTALEUFU","catalina.hinostroza@futaleufu.cl","futaleufu.cl"
"FUTALEUFU","daniel.reyes@futaleufu.cl","futaleufu.cl"
"FUTALEUFU","transito@futaleufu.cl","futaleufu.cl"
"FUTRONO","agonzalez@munifutrono.cl","munifutrono.cl"
"FUTRONO","jancalaf@munifutrono.cl","munifutrono.cl"
"GALVARINO","nbustos@galvarinochile.cl","galvarinochile.cl"
"GALVARINO","xgarrido@galvarinochile.cl","galvarinochile.cl"
"GALVARINO","minaipil@galvarinochile.cl","galvarinochile.cl"
"GALVARINO","alicia.morales@galvarinochile.cl","galvarinochile.cl"
"GORBEA","purrutia@municipalidadgorbea.cl","municipalidadgorbea.cl"
"GORBEA","nvasquez@municipalidadgorbea.cl","municipalidadgorbea.cl"
"GORBEA","equezada@municipalidadgorbea.cl","municipalidadgorbea.cl"
"GRANERO","transito@municipalidadgraneros.cl","municipalidadgraneros.cl"
"GRANEROS","transitof8@municipalidadgraneros.cl","municipalidadgraneros.cl"
"HIJUELAS","jarenas@hijuelas.cl","hijuelas.cl"
"HIJUELAS","transito@hijuelas.cl","hijuelas.cl"
"HUALAIHUE","directortransito@mhualaihue.cl","mhualaihue.cl"
"HUALAÑE","rodrigo.moya@hualane.cl","hualane.cl"
"HUALAÑE","paola.gaete@hualane.cl","hualane.cl"
"HUALAÑE","erika.silva@hualane.cl","hualane.cl"
"HUALAÑE","sebastian.tapia@hualane.cl","hualane.cl"
"HUALQUI","direcciontransito@municipalidadhualqui.cl","municipalidadhualqui.cl"
"HUASCO","oscaracevedo@imhuasco.cl","imhuasco.cl"
"HUASCO","transito@imhuasco.cl","imhuasco.cl"
"HUECHURABA","pablo.machuca@huechuraba.cl","huechuraba.cl"
"HUECHURABA","aroa@huechuraba.cl","huechuraba.cl"
"INDEPENDENCIA","anavarro@independencia.cl","independencia.cl"
"INDEPENDENCIA","gmunoz@independencia.cl","independencia.cl"
"INDEPENDENCIA","kdiaz@independencia.cl","independencia.cl"
"IQUIQUE","f8@municipioiquique.cl","municipioiquique.cl"
"ISLA DE MAIPO","ycelis@islademaipo.cl","islademaipo.cl"
"ISLA DE MAIPO","ltardon@islademaipo.cl","islademaipo.cl"
"ISLA DE PASCUA","jzasso@rapanui.net","rapanui.net"
"ISLA DE PASCUA","cserey@rapanui.net","rapanui.net"
"ISLA DE PASCUA","transito@rapanui.net","rapanui.net"
"LA CALERA","agatica@lacalera.cl","lacalera.cl"
"LA CISTERNA","csanmartin@cisterna.cl","cisterna.cl"
"LA CISTERNA","laraya@cisterna.cl","cisterna.cl"
"LA CISTERNA","lconducir@cisterna.cl","cisterna.cl"
"LA CRUZ","transito@lacruz.cl","lacruz.cl"
"LA ESTRELLA","hector.rubio@munilaestrella.cl","munilaestrella.cl"
"LA FLORIDA","floyola@laflorida.cl","laflorida.cl"
"LA FLORIDA","licencias@laflorida.cl","laflorida.cl"
"LA FLORIDA","ffabres@laflorida.cl","laflorida.cl"
"LA GRANJA","cpulgar@mlagranja.cl","mlagranja.cl"
"LA GRANJA","fleiva@mlagranja.cl","mlagranja.cl"
"LA LIGUA","transito@laligua.cl","laligua.cl"
"LA PINTANA","lvalenzuelah@pintana.cl","pintana.cl"
"LA PINTANA","mitzi.yanez@pintana.cl","pintana.cl"
"LA PINTANA","gabriel.martorell@pintana.cl","pintana.cl"
"LA REINA","ccarrasco@mlareina.cl","mlareina.cl"
"LA REINA","mabalos@mlareina.cl","mlareina.cl"
"LA SERENA","daniel.araya@laserena.cl","laserena.cl"
"LA SERENA","archivaldo.rodriguez@laserena.cl","laserena.cl"
"LA UNION","victor.noriega@munilaunion.cl","munilaunion.cl"
"LA UNION","rcabezas@munilaunion.cl","munilaunion.cl"
"LACRUZ","transito@lacruz.cl","lacruz.cl"
"LAGO RANCO","transito@lagoranco.cl","lagoranco.cl"
"LAGO VERDE","transito@lagoverdeaysen.cl","lagoverdeaysen.cl"
"LAGO VERDE","l.bascunan@lagoverde.cl","lagoverde.cl"
"LAJA","jorge.gonzalez@munilaja.cl","munilaja.cl"
"LAJA","jescobar@munilaja.cl","munilaja.cl"
"LAJA","imonsalve@munilaja.cl","munilaja.cl"
"LAMPA","acastro@lampa.cl","lampa.cl"
"LAMPA","javiera.torres@lampa.cl","lampa.cl"
"LAMPA","mj.santibanez@lampa.cl","lampa.cl"
"LAMPA","carolina.sandoval@lampa.cl","lampa.cl"
"LAMPA","licencias@lampa.cl","lampa.cl"
"LANCO","anibal.moreno@munilanco.cl","munilanco.cl"
"LANCO","transito@munilanco.cl","munilanco.cl"
"LAS CABRAS","transito@lascabrasmunicipalidad.cl","lascabrasmunicipalidad.cl"
"LAS CONDES","kcaceres@lascondes.cl","lascondes.cl"
"LAS CONDES","vmaureira@lascondes.cl","lascondes.cl"
"LAUTARO","jorgemunoz@munilautaro.cl","munilautaro.cl"
"LAUTARO","csoto@munilautaro.cl","munilautaro.cl"
"LAUTARO","pgatica@munilautaro.cl","munilautaro.cl"
"LAUTARO","lburgos@munilautaro.cl","munilautaro.cl"
"LICANTEN","transito@mlicanten.cl","mlicanten.cl"
"LIMACHE","carteaga@munilimache.cl","munilimache.cl"
"LIMACHE","rfernandez@munilimache.cl","munilimache.cl"
"LINARES","angellogangas@corporacionlinares.cl","corporacionlinares.cl"
"LINARES","mauricioalegria@corporacionlinares.cl","corporacionlinares.cl"
"LITUECHE","maria-ines@litueche.cl","litueche.cl"
"LITUECHE","pablo.vial@litueche.cl","litueche.cl"
"LLANQUIHUE","transito@llanquihue.cl","llanquihue.cl"
"LLANQUIHUE","dmancilla@llanquihue.cl","llanquihue.cl"
"LLAY LLAY","dirtransito@municipalidadllayllay.cl","municipalidadllayllay.cl"
"LO BARNECHEA","transito@lobarnechea.cl","lobarnechea.cl"
"LO ESPEJO","licenciaconducir@loespejo.cl","loespejo.cl"
"LO ESPEJO","transito@loespejo.cl","loespejo.cl"
"LO ESPEJO","ncaceres@loespejo.cl","loespejo.cl"
"LO PRADO","pcaceres@loprado.cl","loprado.cl"
"LO PRADO","otilio.fuenzalida@loprado.cl","loprado.cl"
"LO PRADO","eunice.lillo@loprado.cl","loprado.cl"
"LO PRADO","claudia.montalva@loprado.cl","loprado.cl"
"LONCOCHE","gmella@muniloncoche.cl","muniloncoche.cl"
"LONCOCHE","transito@muniloncoche.cl","muniloncoche.cl"
"LONGAVI","cchamorro@municipalidadlongavi.cl","municipalidadlongavi.cl"
"LONGAVI","msaldias@municipalidadlongavi.cl","municipalidadlongavi.cl"
"LONQUIMAY","transito@mlonquimay.cl","mlonquimay.cl"
"LOS ANDES","bcastro@munilosandes.cl","munilosandes.cl"
"LOS ANDES","elepe@munilosandes.cl","munilosandes.cl"
"LOS ANDES","sandrade@munilosandes.cl","munilosandes.cl"
"LOS ANGELES","jcespedes@losangeles.cl","losangeles.cl"
"LOS ANGELES","bmendoza@losangeles.cl","losangeles.cl"
"LOS ANGELES","jmunozv@losangeles.cl","losangeles.cl"
"LOS LAGOS","nmera@muniloslagos.cl","muniloslagos.cl"
"LOS LAGOS","vivanoff@muniloslagos.cl","muniloslagos.cl"
"LOS VILOS","mirigoyenl@munilosvilos.cl","munilosvilos.cl"
"LOS VILOS","oscar.pereira@munilosvilos.cl","munilosvilos.cl"
"LOS VILOS","patricia.araya@munilosvilos.cl","munilosvilos.cl"
"LOS VILOS","narky.aracena@munilosvilos.cl","munilosvilos.cl"
"LOS VILOS","transito@munilosvilos.cl","munilosvilos.cl"
"LOTA","licencias@lota.cl","lota.cl"
"LOTA","herta.iturra@lota.cl","lota.cl"
"LOTA","juan.suazo@lota.cl","lota.cl"
"MACHALI","hectormella@machali.cl","machali.cl"
"MACHALI","luzcerpa@machali.cl","machali.cl"
"MACUL","calfaro@munimacul.cl","munimacul.cl"
"MAFIL","sandro.bilbao@munimafil.cl","munimafil.cl"
"MAFIL","mrkraber@munimafil.cl","munimafil.cl"
"MAIPU","licenciasdeconducir@maipu.cl","maipu.cl"
"MALLOA","jefadetransito@munimalloa.cl","munimalloa.cl"
"MALLOA","directoradetransito@munimalloa.cl","munimalloa.cl"
"MARCHIGUE","transito@munimarchigue.cl","munimarchigue.cl"
"MARCHIGUE","j.caceres@munimarchigue.cl","munimarchigue.cl"
"MARIQUINA","transito@munimariquina.cl","munimariquina.cl"
"MAULE","directordetransito@comunademaule.cl","comunademaule.cl"
"MAULE","licenciadeconducir@comunademaule.cl","comunademaule.cl"
"MAULLIN","felipe.barrera@munimaullin.cl","munimaullin.cl"
"MAULLIN","transito@munimaullin.cl","munimaullin.cl"
"MEJILLONES","jsalinas@mejillones.cl","mejillones.cl"
"MEJILLONES","pacevedo@mejillones.cl","mejillones.cl"
"MELIPILLA","alejandra.carmona@munimelipilla.cl","munimelipilla.cl"
"MONTE PATRIA","juanangel@mpatria.cl","mpatria.cl"
"MONTE PATRIA","transito@mpatria.cl","mpatria.cl"
"MULCHEN","ruth.sandoval@munimulchen.cl","munimulchen.cl"
"NACIMIENTO","karen.sanzana@nacimiento.cl","nacimiento.cl"
"NACIMIENTO","carlos.herrera@nacimiento.cl","nacimiento.cl"
"NANCAGUA","claudio.araya@municipalidadnancagua.cl","municipalidadnancagua.cl"
"NANCAGUA","elsa.cucumides@municipalidadnancagua.cl","municipalidadnancagua.cl"
"NANCAGUA","juana.encanilla@municipalidadnancagua.cl","municipalidadnancagua.cl"
"SALAMANCA","binzunza@salamanca.cl","salamanca.cl"
"NATALES","directora.transito@muninatales.cl","muninatales.cl"
"NAVIDAD","ian.larenas@muninavidad.cl","muninavidad.cl"
"NAVIDAD","atoro@muninavidad.cl","muninavidad.cl"
"NAVIDAD","csantibanez@muninavidad.cl","muninavidad.cl"
"NEGRETE","transito@muninegrete.cl","muninegrete.cl"
"NEGRETE","pcv@muninegrete.cl","muninegrete.cl"
"NIQUEN","yanine.olea@muniniquen.cl","muniniquen.cl"
"NIQUEN","cristian.salazar@muniniquen.cl","muniniquen.cl"
"NOGALES","fabian.villalobos@muninogales.cl","muninogales.cl"
"NOGALES","victor.saavedra@muninogales.cl","muninogales.cl"
"NUEVA IMPERIAL","xlavin@nuevaimperial.cl","nuevaimperial.cl"
"NUEVA IMPERIAL","dkaba@nuevaimperial.cl","nuevaimperial.cl"
"ÑUÑOA","dormeno@nunoa.cl","nunoa.cl"
"ÑUÑOA","mbaeza@nunoa.cl","nunoa.cl"
"ÑUÑOA","revisoresnunoalc@nunoa.cl","nunoa.cl"
"OLIVAR","directorfinanzas@muniolivar.cl","muniolivar.cl"
"OLIVAR","jefetransito@muniolivar.cl","muniolivar.cl"
"OLMUE","yessikacisternas@olmue.cl","olmue.cl"
"OLMUE","licenciasdeconducir@olmue.cl","olmue.cl"
"OSORNO","licenciaconducircentro@imo.cl","imo.cl"
"OVALLE","ralvarez@imovalle.cl","imovalle.cl"
"OVALLE","transito@imovalle.cl","imovalle.cl"
"PADRE HURTADO","hnavarrete@mph.cl","mph.cl"
"PADRE HURTADO","vmeirelles@mph.cl","mph.cl"
"PADRE LAS CASAS","rmelendrez@padrelascasas.cl","padrelascasas.cl"
"PADRE LAS CASAS","afuentesa@padrelascasas.cl","padrelascasas.cl"
"PAILLACO","transito@munipaillaco.cl","munipaillaco.cl"
"PAINE","rpavez@paine.cl","paine.cl"
"PAINE","cherrera@paine.cl","paine.cl"
"PALENA","licencias@palena.cl","palena.cl"
"PALMILLA","mixi.galfdamez@munipalmilla.cl","munipalmilla.cl"
"PALMILLA","michel.quezada@munipalmilla.cl","munipalmilla.cl"
"PALMILLA","alejandrina.sandoval@munipalmilla.cl","munipalmilla.cl"
"PANQUEHUE","cesarsanhueza@impanquehue.cl","impanquehue.cl"
"PANQUIPULLE","alvaro.valladares@munipangui.cl","munipangui.cl"
"PANQUIPULLE","claudia.alvarez@munipangui.cl","munipangui.cl"
"PAREDONES","transito@comunaparedones.cl","comunaparedones.cl"
"PARRAL","roberto.rosas@parral.cl","parral.cl"
"PEDRO AGUIRRE CERDA","mariaofeliaramirez@pedroaguirrecerda.cl","pedroaguirrecerda.cl"
"PEDRO AGUIRRE CERDA","mveliz@pedroaguirrecerda.cl","pedroaguirrecerda.cl"
"PEDRO AGUIRRE CERDA","rpereira@pedroaguirrecerda.cl","pedroaguirrecerda.cl"
"PELARCO","ycruzat@pelarco.cl","pelarco.cl"
"PELARCO","rruz@pelarco.cl","pelarco.cl"
"PELLUHUE","oficinatransito@munipelluhue.cl","munipelluhue.cl"
"PEMUCO","licencias@munipemuco.cl","munipemuco.cl"
"PEMUCO","transito@munipemuco.cl","munipemuco.cl"
"PENCAHUE","aavila@mpencahue.cl","mpencahue.cl"
"PENCAHUE","projas@mpencahue.cl","mpencahue.cl"
"PENCAHUE","licencias@mpencahue.cl","mpencahue.cl"
"PENCO","hgrandon@penco.cl","penco.cl"
"PENCO","ftorres@penco.cl","penco.cl"
"PEÑAFLOR","paola.ramos@penaflor.cl","penaflor.cl"
"PEÑAFLOR","marcela.navarro@penaflor.cl","penaflor.cl"
"PEÑAFLOR","pamela.fuentes@penaflor.cl","penaflor.cl"
"PEÑAFLOR","departamento.licencias@penaflor.cl","penaflor.cl"
"PEÑALOLEN","carpetasconasetpenalolen@gmail.com","gmail.com"
"PEÑALOLEN","rnavea@penalolen.cl","penalolen.cl"
"PERALILLO","etoledo@muniperalillo.cl","muniperalillo.cl"
"PERALILLO","rvilches@muniperalillo.cl","muniperalillo.cl"
"PERALILLO","asanhueza@muniperalillo.cl","muniperalillo.cl"
"PEUMO","transito@mpeumo.cl","mpeumo.cl"
"PICHIDEGUA","javiernunez@pichidegua.cl","pichidegua.cl"
"PICHIDEGUA","juanitaescobar@pichidegua.cl","pichidegua.cl"
"PICHIDEGUA","mariaisabelarellano@pichidegua.cl","pichidegua.cl"
"PICHIDEGUA","veronicaaraya@pichidegua.cl","pichidegua.cl"
"PICHILEMU","licencias@pichilemu.cl","pichilemu.cl"
"PINTO","caguilera@munipinto.cl","munipinto.cl"
"PINTO","mirrazabal@mpinto.cl","mpinto.cl"
"PINTO","transito@munipinto.cl","munipinto.cl"
"PINTO","ycaris@mpinto.cl","mpinto.cl"
"PINTO","lpuga@munipinto.cl","munipinto.cl"
"PINTO","licenciadigital@munipinto.cl","munipinto.cl"
"PIRQUE","nicole.fuenzalida@mpirque.cl","mpirque.cl"
"PITRUFQUEN","trasito@mpitrufquen.cl","mpitrufquen.cl"
"PITRUFQUEN","nrebolledo@mpitrufquen.cl","mpitrufquen.cl"
"PITRUFQUEN","lorenaleon@mpitrufquen.cl","mpitrufquen.cl"
"PLACILLA","cristian.bravo@muniplacilla.cl","muniplacilla.cl"
"PLACILLA","yasna.calderon@muniplacilla.cl","muniplacilla.cl"
"PORTEZUELO","transito@mportezuelo.cl","mportezuelo.cl"
"PORVENIR","eperez@muniporvenir.cl","muniporvenir.cl"
"PORVENIR","dreusch@muniporvenir.cl","muniporvenir.cl"
"POZO ALMONTE","licenciasimpa@live.cl","live.cl"
"POZO ALMONTE","director.transito@impa.gob.cl","impa.gob.cl"
"PROVIDENCIA","solicitudexpediente@providencia.cl","providencia.cl"
"PUCHUNCAVI","patricia.arroyo@munipuchuncavi.cl","munipuchuncavi.cl"
"PUCHUNCAVI","lconducir@munipuchuncavi.cl","munipuchuncavi.cl"
"PUCON","patricia.vasquez@municipalidadpucon.cl","municipalidadpucon.cl"
"PUCON","mmayo@municipalidadpucon.cl","municipalidadpucon.cl"
"PUDAHUEL","sapablaza@mpudahuel.cl","mpudahuel.cl"
"PUDAHUEL","klabrana@mpudahuel.cl","mpudahuel.cl"
"PUENTE ALTO","carlos.delapena@mpuentealto.cl","mpuentealto.cl"
"PUERTO AYSEN","mvelasquez@puertoaysen.cl","puertoaysen.cl"
"PUERTO AYSEN","mauriciosilva@puertoaysen.cl","puertoaysen.cl"
"PUERTO MONTT","saul.cardenas@puertomontt.cl","puertomontt.cl"
"PUERTO MONTT","gaudy.bahamonde@puertomontt.cl","puertomontt.cl"
"PUERTO OCTAY","transito@munipuertoctay.cl","munipuertoctay.cl"
"PUERTO VARAS","alex.aguilera@ptovaras.cl","ptovaras.cl"
"PUERTO VARAS","victor.krause@ptovaras.cl","ptovaras.cl"
"PUMANQUE","rramirez.transito@munipumanque.cl","munipumanque.cl"
"PUNITAQUI","jalfaro@munipunitaqui.cl","munipunitaqui.cl"
"PUNTA ARENAS","valeria.hernandez@e-puntaarenas.cl","e-puntaarenas.cl"
"PUREN","ifuentes@munipuren.cl","munipuren.cl"
"PURRANQUE","transito@purranque.cl","purranque.cl"
"PUTAENDO","directordetransito@putaendo.cl","putaendo.cl"
"PUTAENDO","licenciasdeconducir@putaendo.cl","putaendo.cl"
"QUELLON","ecarcamo@muniquellon.cl","muniquellon.cl"
"QUILICURA","solicitudcarpeta@quilicura.cl","quilicura.cl"
"QUILLOCO","transito@municipalidadquilleco.cl","municipalidadquilleco.cl"
"QUILLON","profesionaltransito@quillon.cl","quillon.cl"
"QUILLON","transito@quillon.cl","quillon.cl"
"QUILLOTA","angela.navarro@quillota.cl","quillota.cl"
"QUILPUE","transito@quilpue.cl","quilpue.cl"
"QUILPUE","cambiodedomicilio@muniquilpue.gob.cl","muniquilpue.gob.cl"
"QUINCHAO","pdiaz@municipalidadquinchao.cl","municipalidadquinchao.cl"
"QUINCHAO","aonate@municipalidadquinchao.cl","municipalidadquinchao.cl"
"QUINTA NORMAL","cynthia.veliz@quintanormal.cl","quintanormal.cl"
"QUINTERO","licencias@muniquintero.cl","muniquintero.cl"
"QUINTERO","transito@muniquintero.cl","muniquintero.cl"
"QUIRIHUE","asouto@muniquirihue.cl","muniquirihue.cl"
"QUIRIHUE","atoro@muniquirihue.cl","muniquirihue.cl"
"RANCAGUA","fanny.espinoza@rancagua.cl","rancagua.cl"
"RANCAGUA","gustavo.ponce@rancagua.cl","rancagua.cl"
"RECOLETA","vcastillo@recoleta.cl","recoleta.cl"
"RECOLETA","ivenegas@recoleta.cl","recoleta.cl"
"RECOLETA","ccatalan@recoleta.cl","recoleta.cl"
"RENAICO","licenciasdeconducir@municipalidadrenaico.cl","municipalidadrenaico.cl"
"RENCA","griselda.irribarra@renca.cl","renca.cl"
"RENCA","hernan.aviles@renca.cl","renca.cl"
"RENCA","ricardo.matus@renca.cl","renca.cl"
"RENGO","licencias@munirengo.cl","munirengo.cl"
"REQUINOA","licenciasf8requinoa@gmail.com","gmail.com"
"RETIRO","fmeza@retiro.cl","retiro.cl"
"RINCONADA","nite@munirinconada.cl","munirinconada.cl"
"RINCONADA","avillarroel@munirinconada.cl","munirinconada.cl"
"RIO BUENO","transitorbno@muniriobueno.cl","muniriobueno.cl"
"RIO CLARO","mherrera@rioclaro.cl","rioclaro.cl"
"RIO CLARO","franciscamc@rioclaro.cl","rioclaro.cl"
"RIO IBAÑEZ","transito@rioibanez.cl","rioibanez.cl"
"RIO IBAÑEZ","isabel.morales@rioibanez.cl","rioibanez.cl"
"RIO NEGRO","milton.llanllan@rionegrochile.cl","rionegrochile.cl"
"RIO NEGRO","transito@rionegrochile.cl","rionegrochile.cl"
"SAGRADA FAMILIA","alillo@sagradafamilia.cl","sagradafamilia.cl"
"SAN BERNARDO","esuarez@sanbernardo.cl","sanbernardo.cl"
"SAN BERNARDO","jramirez@sanbernardo.cl","sanbernardo.cl"
"SAN CARLOS","licenciasdeconducir@sancarlos.cl","sancarlos.cl"
"SAN CLEMENTE","avasquez@sanclemente.cl","sanclemente.cl"
"SAN CLEMENTE","cvalenzuela@sanclemente.cl","sanclemente.cl"
"SAN ESTEBAN","ruben.barraza@munisanesteban.cl","munisanesteban.cl"
"SAN ESTEBAN","nallelyn.foncea@munisanesteban.cl","munisanesteban.cl"
"SAN ESTEBAN","director.transito@munisanesteban.cl","munisanesteban.cl"
"SAN FABIAN","mario.diaz@sanfabian.cl","sanfabian.cl"
"SAN FABIAN","bastian.araya@sanfabian.cl","sanfabian.cl"
"SAN FABIAN","oliver.gaete@sanfabian.cl","sanfabian.cl"
"SAN FELIPE","jcastro@munisanfelipe.cl","munisanfelipe.cl"
"SAN JAVIER","omar.garrido@imsanjavier.cl","imsanjavier.cl"
"SAN JAVIER","transito@imsanjavier.cl","imsanjavier.cl"
"SAN JAVIER","hernan.gonzalez@imsanjavier.cl","imsanjavier.cl"
"SAN JOAQUIN","carpetaconductor@sanjoaquin.cl","sanjoaquin.cl"
"SAN JOSE DE MAIPO","transito@sanjosedemaipo.cl","sanjosedemaipo.cl"
"SAN JOSE DE MAIPO","mperez@sanjosedemaipo.cl","sanjosedemaipo.cl"
"SAN MIGUEL","alandaeta@sanmiguel.cl","sanmiguel.cl"
"SAN MIGUEL","icarrasco@sanmiguel.cl","sanmiguel.cl"
"SAN MIGUEL","scuminao@sanmiguel.cl","sanmiguel.cl"
"SAN NICOLAS","transito@municipalidadsannicolas.cl","municipalidadsannicolas.cl"
"SAN PEDRO","transito@munisanpedro.cl","munisanpedro.cl"
"SAN PEDRO DE LA PAZ","brodriguez@sanpedrodelapaz.cl","sanpedrodelapaz.cl"
"SAN PEDRO DE LA PAZ","nmatus@sanpedrodelapaz.cl","sanpedrodelapaz.cl"
"SAN PEDRO DE LA PAZ","francis.gonzalez@munispa.cl","munispa.cl"
"SAN PEDRO DE LA PAZ","jarroyo@sanpedrodelapaz.cl","sanpedrodelapaz.cl"
"SAN PEDRO DE LA PAZ","g.santelices@sanpedrodelapaz.cl","sanpedrodelapaz.cl"
"SAN PEDRO DE LA PAZ","ruben.zambra@munispa.cl","munispa.cl"
"SAN RAFAEL","asalazarbravo@munisanrafael.cl","munisanrafael.cl"
"SAN RAFAEL","cnavarromorales@munisanrafael.cl","munisanrafael.cl"
"SAN RAMON","cgomez@municipalidadsanramon.cl","municipalidadsanramon.cl"
"SAN RAMON","acontreras@municipalidadsanramon.cl","municipalidadsanramon.cl"
"SAN RAMON","flavin@municipalidadsanramon.cl","municipalidadsanramon.cl"
"SANJOAQUIN","ximenanavarrete@sanjoaquin.cl","sanjoaquin.cl"
"SANTA CRUZ","transito@munisantacruz.cl","munisantacruz.cl"
"SANTA JUANA","jpezo@santajuana.cl","santajuana.cl"
"SANTA JUANA","pchavez@santajuana.cl","santajuana.cl"
"SANTA MARIA","licencias@imsantamaria.cl","imsantamaria.cl"
"SANTIAGO","alopez@munistgo.cl","munistgo.cl"
"SANTIAGO","cecheverria@munistgo.cl","munistgo.cl"
"SAN VICENTE","fernando.perez@msanvicente.cl","msanvicente.cl"
"SIERRA GORDA","transito@munisg.cl","munisg.cl"
"TALAGANTE","jolivares@munitalagante.cl","munitalagante.cl"
"TALAGANTE","nduarte1@munitalagante.cl","munitalagante.cl"
"TALAGANTE","acarreno@munitalagante.cl","munitalagante.cl"
"TALAGANTE","gagutierrez@munitalagante.cl","munitalagante.cl"
"TALAGANTE","npino@munitalagante.cl","munitalagante.cl"
"TALCA","mtorresj@talca.cl","talca.cl"
"TALCAHUANO","glissette.briones@talcahuano.cl","talcahuano.cl"
"TALCAHUANO","marco.valenzuela@talcahuano.cl","talcahuano.cl"
"TALCAHUANO","jose.zurita@talcahuano.cl","talcahuano.cl"
"TALCAHUANO","cristina.vera@talcahuano.cl","talcahuano.cl"
"TEMUCO","jmuller@temuco.cl","temuco.cl"
"TEMUCO","glincoleo@temuco.cl","temuco.cl"
"TENO","nancy.padilla@teno.cl","teno.cl"
"TENO","transito@teno.cl","teno.cl"
"TEODORO","licencias@muniteodoro.cl","muniteodoro.cl"
"TIERRA AMARILLA","marlon.rosel@tierramarilla.com","tierramarilla.com"
"TIERRA AMERILLA","directora.transito@tierramarilla.com","tierramarilla.com"
"TIL TIL","licencias@tiltil.cl","tiltil.cl"
"TIL TIL","jalvarez@tiltil.cl","tiltil.cl"
"TIRUA","transito@munitirua.com","munitirua.com"
"TOCOPILLA","mpena@imtocopilla.cl","imtocopilla.cl"
"TOCOPILLA","jcarmona@imtocopilla.cl","imtocopilla.cl"
"TOCOPILLA","krojas@imtocopilla.cl","imtocopilla.cl"
"TOCOPILLA","esantander@imtocopilla.cl","imtocopilla.cl"
"TOLTEN","marcela.orrego@tolten.cl","tolten.cl"
"TOLTEN","transito@tolten.cl","tolten.cl"
"TOME","cecilio.apablaza@tome.cl","tome.cl"
"TOME","pamela.quinones@tome.cl","tome.cl"
"TOME","carolina.cartes@tome.cl","tome.cl"
"TRAIGUEN","mgarrido@mtraiguen.cl","mtraiguen.cl"
"TRAIGUEN","earroyo@mtraiguen.cl","mtraiguen.cl"
"TRAIGUEN","nmedina@mtraiguen.cl","mtraiguen.cl"
"TREHUACO","licencias@municipalidaddetrehuaco.cl","municipalidaddetrehuaco.cl"
"TUCAPEL","transito2@munitucapel.cl","munitucapel.cl"
"VALDIVIA","cbartsch@munivaldivia.cl","munivaldivia.cl"
"VALDIVIA","dandrade@munivaldivia.cl","munivaldivia.cl"
"VALLENAR","wilson.zamora@vallenar.cl","vallenar.cl"
"VALLENAR","lorena.leyton@vallenar.cl","vallenar.cl"
"VICTORIA","rgodoy@victoriachile.cl","victoriachile.cl"
"VICUÑA","carlos.perez@vicuna.cl","vicuna.cl"
"VICUÑA","licencias@munivicuna.cl","munivicuna.cl"
"VILCUN","mzuniga@vilcun.cl","vilcun.cl"
"VILCUN","mgarcia@vilcun.cl","vilcun.cl"
"VILCUN","jmedina@vilcun.cl","vilcun.cl"
"VILLA ALEGRE","vdominguez@villalegre.cl","villalegre.cl"
"VILLA ALEGRE","transito@villalegre.cl","villalegre.cl"
"VILLA ALEMANA","transito@villalemana.cl","villalemana.cl"
"VILLARRICA","licencias@munivillarrica.cl","munivillarrica.cl"
"VIÑA DEL MAR","licenciasdeconducir@munivina.cl","munivina.cl"
"VITACURA","licencias@vitacura.cl","vitacura.cl"
"VITACURA","eaguilera@vitacura.cl","vitacura.cl"
"YERBAS BUENAS","transito@myerbasbuenas.cl","myerbasbuenas.cl"
"YUMBEL","jmorales@yumbel.cl","yumbel.cl"
"YUMBEL","jfigueroa@yumbel.cl","yumbel.cl"
"YUNGAY","transito@yungay.cl","yungay.cl"
"ZAPALLAR","secretaria@munizapallar.cl","munizapallar.cl"
